rho,l,E1,E2,G12,v12,duration,name,material,R,z1,l/R,ne,eta1,eta2,eta3,eta4,eta5,eta6,count_eta1,count_eta2,count_eta3,count_eta4,count_eta5,count_eta6,link
1,2,30000000,30000000,11538461.54,0.3,1254.610245,Beam_10.0_2.0_100_20250722-122044,Unknown,10,0.1,0.2,1000,3.14265591,11.97551494,25.02905392,27.73040585,40.73389309,57.89591027,1,1,1,1,1,1,https://zibramax.github.io/FEMViewer/?mesh=https://raw.githubusercontent.com/ZibraMax/non-local-frequencies-nanostructures-2/refs/heads/main/mesh_converg\Beam_10.0_2.0_100_0.1_20250722-122044.json&mode=1&magnif=6
1,2,30000000,30000000,11538461.54,0.3,1254.610245,Beam_10.0_2.0_100_20250722-122044,Unknown,10,0.2,0.2,1000,4.38486494,16.69443426,34.90621774,37.34527487,56.90287004,80.45140279,1,1,1,1,1,1,https://zibramax.github.io/FEMViewer/?mesh=https://raw.githubusercontent.com/ZibraMax/non-local-frequencies-nanostructures-2/refs/heads/main/mesh_converg\Beam_10.0_2.0_100_0.2_20250722-122044.json&mode=1&magnif=6
1,2,30000000,30000000,11538461.54,0.3,1254.610245,Beam_10.0_2.0_100_20250722-122044,Unknown,10,0.3,0.2,1000,5.3446184,20.33870016,42.53579542,44.74339842,69.38893503,95.03866079,1,1,1,1,1,1,https://zibramax.github.io/FEMViewer/?mesh=https://raw.githubusercontent.com/ZibraMax/non-local-frequencies-nanostructures-2/refs/heads/main/mesh_converg\Beam_10.0_2.0_100_0.3_20250722-122044.json&mode=1&magnif=6
1,2,30000000,30000000,11538461.54,0.3,1254.610245,Beam_10.0_2.0_100_20250722-122044,Unknown,10,0.4,0.2,1000,6.15613483,23.4202414,48.98769181,51.02234482,79.9449487,107.6627009,1,1,1,1,1,1,https://zibramax.github.io/FEMViewer/?mesh=https://raw.githubusercontent.com/ZibraMax/non-local-frequencies-nanostructures-2/refs/heads/main/mesh_converg\Beam_10.0_2.0_100_0.4_20250722-122044.json&mode=1&magnif=6
1,2,30000000,30000000,11538461.54,0.3,0.583108,Beam_10.0_2.0_5_20250723-155655,Unknown,10,0.5,0.2,20,6.9143336,26.79593678,57.95525627,69.31476271,99.32507002,138.4566298,1,1,1,1,1,1,https://zibramax.github.io/FEMViewer/?mesh=https://raw.githubusercontent.com/ZibraMax/non-local-frequencies-nanostructures-2/refs/heads/main/mesh_converg\Beam_10.0_2.0_5_0.5_20250723-155655.json&mode=1&magnif=6
1,2,30000000,30000000,11538461.54,0.3,1254.610245,Beam_10.0_2.0_100_20250722-122044,Unknown,10,0.6,0.2,1000,7.52050975,28.60180497,59.83648828,61.63660868,97.69021753,129.259352,1,1,1,1,1,1,https://zibramax.github.io/FEMViewer/?mesh=https://raw.githubusercontent.com/ZibraMax/non-local-frequencies-nanostructures-2/refs/heads/main/mesh_converg\Beam_10.0_2.0_100_0.6_20250722-122044.json&mode=1&magnif=6
1,2,30000000,30000000,11538461.54,0.3,1254.610245,Beam_10.0_2.0_100_20250722-122044,Unknown,10,0.7,0.2,1000,8.11705787,30.86760439,64.58035423,66.29772944,105.4483062,138.8023574,1,1,1,1,1,1,https://zibramax.github.io/FEMViewer/?mesh=https://raw.githubusercontent.com/ZibraMax/non-local-frequencies-nanostructures-2/refs/heads/main/mesh_converg\Beam_10.0_2.0_100_0.7_20250722-122044.json&mode=1&magnif=6
1,2,30000000,30000000,11538461.54,0.3,1254.610245,Beam_10.0_2.0_100_20250722-122044,Unknown,10,0.8,0.2,1000,8.67263815,32.97792087,68.99860875,70.64808985,112.6732834,147.7299009,1,1,1,1,1,1,https://zibramax.github.io/FEMViewer/?mesh=https://raw.githubusercontent.com/ZibraMax/non-local-frequencies-nanostructures-2/refs/heads/main/mesh_converg\Beam_10.0_2.0_100_0.8_20250722-122044.json&mode=1&magnif=6
1,2,30000000,30000000,11538461.54,0.3,1254.610245,Beam_10.0_2.0_100_20250722-122044,Unknown,10,0.9,0.2,1000,9.19468886,34.96097252,73.15034378,74.74315016,119.4619733,156.1476712,1,1,1,1,1,1,https://zibramax.github.io/FEMViewer/?mesh=https://raw.githubusercontent.com/ZibraMax/non-local-frequencies-nanostructures-2/refs/heads/main/mesh_converg\Beam_10.0_2.0_100_0.9_20250722-122044.json&mode=1&magnif=6
1,2,30000000,30000000,11538461.54,0.3,1254.610245,Beam_10.0_2.0_100_20250722-122044,Unknown,10,1,0.2,1000,9.68863685,36.83734831,77.07867794,78.62350268,125.8850135,164.1341707,1,1,1,1,1,1,https://zibramax.github.io/FEMViewer/?mesh=https://raw.githubusercontent.com/ZibraMax/non-local-frequencies-nanostructures-2/refs/heads/main/mesh_converg\Beam_10.0_2.0_100_1.0_20250722-122044.json&mode=1&magnif=6
1,2,30000000,30000000,11538461.54,0.3,2.570493,Beam_10.0_2.0_10_20250723-155655,Unknown,10,0.1,0.2,40,3.15026248,12.07579627,25.46102416,33.55770338,41.91060882,60.43130947,1,1,1,1,1,1,https://zibramax.github.io/FEMViewer/?mesh=https://raw.githubusercontent.com/ZibraMax/non-local-frequencies-nanostructures-2/refs/heads/main/mesh_converg\Beam_10.0_2.0_10_0.1_20250723-155655.json&mode=1&magnif=6
1,2,30000000,30000000,11538461.54,0.3,2.570493,Beam_10.0_2.0_10_20250723-155655,Unknown,10,0.2,0.2,40,4.39466704,16.82916146,35.49289161,44.12547127,58.51384369,84.54139849,1,1,1,1,1,1,https://zibramax.github.io/FEMViewer/?mesh=https://raw.githubusercontent.com/ZibraMax/non-local-frequencies-nanostructures-2/refs/heads/main/mesh_converg\Beam_10.0_2.0_10_0.2_20250723-155655.json&mode=1&magnif=6
1,2,30000000,30000000,11538461.54,0.3,2.570493,Beam_10.0_2.0_10_20250723-155655,Unknown,10,0.3,0.2,40,5.35622639,20.500671,43.24404923,52.35937984,71.33974216,103.1525341,1,1,1,1,1,1,https://zibramax.github.io/FEMViewer/?mesh=https://raw.githubusercontent.com/ZibraMax/non-local-frequencies-nanostructures-2/refs/heads/main/mesh_converg\Beam_10.0_2.0_10_0.3_20250723-155655.json&mode=1&magnif=6
1,2,30000000,30000000,11538461.54,0.3,2.570493,Beam_10.0_2.0_10_20250723-155655,Unknown,10,0.4,0.2,40,6.16930723,23.60547388,49.79948205,59.3969779,82.18456837,118.8825293,1,1,1,1,1,1,https://zibramax.github.io/FEMViewer/?mesh=https://raw.githubusercontent.com/ZibraMax/non-local-frequencies-nanostructures-2/refs/heads/main/mesh_converg\Beam_10.0_2.0_10_0.4_20250723-155655.json&mode=1&magnif=6
1,2,30000000,30000000,11538461.54,0.3,2.570493,Beam_10.0_2.0_10_20250723-155655,Unknown,10,0.5,0.2,40,6.8868845,26.34588004,55.58569959,65.65867748,91.75518494,132.290714,1,1,1,1,1,1,https://zibramax.github.io/FEMViewer/?mesh=https://raw.githubusercontent.com/ZibraMax/non-local-frequencies-nanostructures-2/refs/heads/main/mesh_converg\Beam_10.0_2.0_10_0.5_20250723-155655.json&mode=1&magnif=6
1,2,30000000,30000000,11538461.54,0.3,2.570493,Beam_10.0_2.0_10_20250723-155655,Unknown,10,0.6,0.2,40,7.53635715,28.82642661,60.8232479,71.36055351,100.4171424,143.8733714,1,1,1,1,1,1,https://zibramax.github.io/FEMViewer/?mesh=https://raw.githubusercontent.com/ZibraMax/non-local-frequencies-nanostructures-2/refs/heads/main/mesh_converg\Beam_10.0_2.0_10_0.6_20250723-155655.json&mode=1&magnif=6
1,2,30000000,30000000,11538461.54,0.3,2.570493,Beam_10.0_2.0_10_20250723-155655,Unknown,10,0.7,0.2,40,8.13408646,31.10952254,65.64385026,76.63250312,108.3887404,154.5892488,1,1,1,1,1,1,https://zibramax.github.io/FEMViewer/?mesh=https://raw.githubusercontent.com/ZibraMax/non-local-frequencies-nanostructures-2/refs/heads/main/mesh_converg\Beam_10.0_2.0_10_0.7_20250723-155655.json&mode=1&magnif=6
1,2,30000000,30000000,11538461.54,0.3,2.570493,Beam_10.0_2.0_10_20250723-155655,Unknown,10,0.8,0.2,40,8.69077133,33.23597707,70.13366259,81.56028445,115.812735,164.6081859,1,1,1,1,1,1,https://zibramax.github.io/FEMViewer/?mesh=https://raw.githubusercontent.com/ZibraMax/non-local-frequencies-nanostructures-2/refs/heads/main/mesh_converg\Beam_10.0_2.0_10_0.8_20250723-155655.json&mode=1&magnif=6
1,2,30000000,30000000,11538461.54,0.3,2.570493,Beam_10.0_2.0_10_20250723-155655,Unknown,10,0.9,0.2,40,9.2138632,35.23421412,74.35270255,86.2042021,122.7885537,174.0508315,1,1,1,1,1,1,https://zibramax.github.io/FEMViewer/?mesh=https://raw.githubusercontent.com/ZibraMax/non-local-frequencies-nanostructures-2/refs/heads/main/mesh_converg\Beam_10.0_2.0_10_0.9_20250723-155655.json&mode=1&magnif=6
1,2,30000000,30000000,11538461.54,0.3,2.570493,Beam_10.0_2.0_10_20250723-155655,Unknown,10,1,0.2,40,9.70879873,37.12497388,78.34476765,90.60864609,129.3887402,183.0065587,1,1,1,1,1,1,https://zibramax.github.io/FEMViewer/?mesh=https://raw.githubusercontent.com/ZibraMax/non-local-frequencies-nanostructures-2/refs/heads/main/mesh_converg\Beam_10.0_2.0_10_1.0_20250723-155655.json&mode=1&magnif=6
1,2,30000000,30000000,11538461.54,0.3,6.307636,Beam_10.0_2.0_15_20250723-155655,Unknown,10,0.5,0.2,60,6.88340727,26.29378139,55.33367363,64.14114637,90.98494336,129.8847994,1,1,1,1,1,1,https://zibramax.github.io/FEMViewer/?mesh=https://raw.githubusercontent.com/ZibraMax/non-local-frequencies-nanostructures-2/refs/heads/main/mesh_converg\Beam_10.0_2.0_15_0.5_20250723-155655.json&mode=1&magnif=6
1,2,30000000,30000000,11538461.54,0.3,7299.872931,Beam_10.0_2.0_150_20250722-144617,Unknown,10,0.6,0.2,2400,7.51719615,28.55604559,59.56952014,59.64337919,97.1784531,126.4825232,1,1,1,1,1,1,https://zibramax.github.io/FEMViewer/?mesh=https://raw.githubusercontent.com/ZibraMax/non-local-frequencies-nanostructures-2/refs/heads/main/mesh_converg\Beam_10.0_2.0_150_0.6_20250722-144617.json&mode=1&magnif=6
1,2,30000000,30000000,11538461.54,0.3,7299.872931,Beam_10.0_2.0_150_20250722-144617,Unknown,10,0.7,0.2,2400,8.1134869,30.81830514,64.09399851,64.37227319,104.8967132,135.7932449,1,1,1,1,1,1,https://zibramax.github.io/FEMViewer/?mesh=https://raw.githubusercontent.com/ZibraMax/non-local-frequencies-nanostructures-2/refs/heads/main/mesh_converg\Beam_10.0_2.0_150_0.7_20250722-144617.json&mode=1&magnif=6
1,2,30000000,30000000,11538461.54,0.3,7299.872931,Beam_10.0_2.0_150_20250722-144617,Unknown,10,0.8,0.2,2400,8.66882719,32.92531999,68.31576241,68.77656368,112.084551,144.5050923,1,1,1,1,1,1,https://zibramax.github.io/FEMViewer/?mesh=https://raw.githubusercontent.com/ZibraMax/non-local-frequencies-nanostructures-2/refs/heads/main/mesh_converg\Beam_10.0_2.0_150_0.8_20250722-144617.json&mode=1&magnif=6
1,2,30000000,30000000,11538461.54,0.3,7299.872931,Beam_10.0_2.0_150_20250722-144617,Unknown,10,0.9,0.2,2400,9.19065216,34.90526571,72.2889863,72.9151628,118.8383099,152.720651,1,1,1,1,1,1,https://zibramax.github.io/FEMViewer/?mesh=https://raw.githubusercontent.com/ZibraMax/non-local-frequencies-nanostructures-2/refs/heads/main/mesh_converg\Beam_10.0_2.0_150_0.9_20250722-144617.json&mode=1&magnif=6
1,2,30000000,30000000,11538461.54,0.3,7299.872931,Beam_10.0_2.0_150_20250722-144617,Unknown,10,1,0.2,2400,9.68438638,36.77870007,76.05329018,76.83105721,125.2282747,160.5161795,1,1,1,1,1,1,https://zibramax.github.io/FEMViewer/?mesh=https://raw.githubusercontent.com/ZibraMax/non-local-frequencies-nanostructures-2/refs/heads/main/mesh_converg\Beam_10.0_2.0_150_1.0_20250722-144617.json&mode=1&magnif=6
1,2,30000000,30000000,11538461.54,0.3,6.307636,Beam_10.0_2.0_15_20250723-155655,Unknown,10,0.1,0.2,60,3.14821537,12.05021399,25.34252058,32.52488583,41.55554798,59.59378354,1,1,1,1,1,1,https://zibramax.github.io/FEMViewer/?mesh=https://raw.githubusercontent.com/ZibraMax/non-local-frequencies-nanostructures-2/refs/heads/main/mesh_converg\Beam_10.0_2.0_15_0.1_20250723-155655.json&mode=1&magnif=6
1,2,30000000,30000000,11538461.54,0.3,6.307636,Beam_10.0_2.0_15_20250723-155655,Unknown,10,0.2,0.2,60,4.39220532,16.7949839,35.33037985,42.96277333,58.02101795,83.37094505,1,1,1,1,1,1,https://zibramax.github.io/FEMViewer/?mesh=https://raw.githubusercontent.com/ZibraMax/non-local-frequencies-nanostructures-2/refs/heads/main/mesh_converg\Beam_10.0_2.0_15_0.2_20250723-155655.json&mode=1&magnif=6
1,2,30000000,30000000,11538461.54,0.3,6.307636,Beam_10.0_2.0_15_20250723-155655,Unknown,10,0.3,0.2,60,5.35338978,20.45964294,43.0471239,51.07062774,70.74000574,101.7247887,1,1,1,1,1,1,https://zibramax.github.io/FEMViewer/?mesh=https://raw.githubusercontent.com/ZibraMax/non-local-frequencies-nanostructures-2/refs/heads/main/mesh_converg\Beam_10.0_2.0_15_0.3_20250723-155655.json&mode=1&magnif=6
1,2,30000000,30000000,11538461.54,0.3,6.307636,Beam_10.0_2.0_15_20250723-155655,Unknown,10,0.4,0.2,60,6.16613505,23.55858301,49.57332154,57.98999843,81.49429227,117.2372575,1,1,1,1,1,1,https://zibramax.github.io/FEMViewer/?mesh=https://raw.githubusercontent.com/ZibraMax/non-local-frequencies-nanostructures-2/refs/heads/main/mesh_converg\Beam_10.0_2.0_15_0.4_20250723-155655.json&mode=1&magnif=6
1,2,30000000,30000000,11538461.54,0.3,10.698474,Beam_10.0_2.0_20_20250723-155655,Unknown,10,0.5,0.2,80,6.88175576,26.27039939,55.23018332,63.24453926,90.69648755,128.4990419,1,1,1,1,1,1,https://zibramax.github.io/FEMViewer/?mesh=https://raw.githubusercontent.com/ZibraMax/non-local-frequencies-nanostructures-2/refs/heads/main/mesh_converg\Beam_10.0_2.0_20_0.5_20250723-155655.json&mode=1&magnif=6
1,2,30000000,30000000,11538461.54,0.3,6.307636,Beam_10.0_2.0_15_20250723-155655,Unknown,10,0.6,0.2,60,7.53259876,28.76959527,60.54777514,69.73921904,99.57449245,141.2455323,1,1,1,1,1,1,https://zibramax.github.io/FEMViewer/?mesh=https://raw.githubusercontent.com/ZibraMax/non-local-frequencies-nanostructures-2/refs/heads/main/mesh_converg\Beam_10.0_2.0_15_0.6_20250723-155655.json&mode=1&magnif=6
1,2,30000000,30000000,11538461.54,0.3,6.307636,Beam_10.0_2.0_15_20250723-155655,Unknown,10,0.7,0.2,60,8.13006609,31.04832338,65.34677591,74.91318071,107.4794313,151.7569436,1,1,1,1,1,1,https://zibramax.github.io/FEMViewer/?mesh=https://raw.githubusercontent.com/ZibraMax/non-local-frequencies-nanostructures-2/refs/heads/main/mesh_converg\Beam_10.0_2.0_15_0.7_20250723-155655.json&mode=1&magnif=6
1,2,30000000,30000000,11538461.54,0.3,6.307636,Beam_10.0_2.0_15_20250723-155655,Unknown,10,0.8,0.2,60,8.68650478,33.17070172,69.81645456,79.74799313,114.8413313,161.5852856,1,1,1,1,1,1,https://zibramax.github.io/FEMViewer/?mesh=https://raw.githubusercontent.com/ZibraMax/non-local-frequencies-nanostructures-2/refs/heads/main/mesh_converg\Beam_10.0_2.0_15_0.8_20250723-155655.json&mode=1&magnif=6
1,2,30000000,30000000,11538461.54,0.3,6.307636,Beam_10.0_2.0_15_20250723-155655,Unknown,10,0.9,0.2,60,9.20936376,35.1651026,74.01656482,84.30330602,121.7587937,170.8487065,1,1,1,1,1,1,https://zibramax.github.io/FEMViewer/?mesh=https://raw.githubusercontent.com/ZibraMax/non-local-frequencies-nanostructures-2/refs/heads/main/mesh_converg\Beam_10.0_2.0_15_0.9_20250723-155655.json&mode=1&magnif=6
1,2,30000000,30000000,11538461.54,0.3,6.307636,Beam_10.0_2.0_15_20250723-155655,Unknown,10,1,0.2,60,9.70407776,37.05222822,77.99071098,88.62297364,128.3037585,179.6347529,1,1,1,1,1,1,https://zibramax.github.io/FEMViewer/?mesh=https://raw.githubusercontent.com/ZibraMax/non-local-frequencies-nanostructures-2/refs/heads/main/mesh_converg\Beam_10.0_2.0_15_1.0_20250723-155655.json&mode=1&magnif=6
1,2,30000000,30000000,11538461.54,0.3,10.698474,Beam_10.0_2.0_20_20250723-155655,Unknown,10,0.1,0.2,80,3.14730724,12.03868525,25.29289858,31.92676234,41.41964313,59.29862166,1,1,1,1,1,1,https://zibramax.github.io/FEMViewer/?mesh=https://raw.githubusercontent.com/ZibraMax/non-local-frequencies-nanostructures-2/refs/heads/main/mesh_converg\Beam_10.0_2.0_20_0.1_20250723-155655.json&mode=1&magnif=6
1,2,30000000,30000000,11538461.54,0.3,10.698474,Beam_10.0_2.0_20_20250723-155655,Unknown,10,0.2,0.2,80,4.39106972,16.77960868,35.26310757,42.28160752,57.83485392,82.96347147,1,1,1,1,1,1,https://zibramax.github.io/FEMViewer/?mesh=https://raw.githubusercontent.com/ZibraMax/non-local-frequencies-nanostructures-2/refs/heads/main/mesh_converg\Beam_10.0_2.0_20_0.2_20250723-155655.json&mode=1&magnif=6
1,2,30000000,30000000,11538461.54,0.3,10.698474,Beam_10.0_2.0_20_20250723-155655,Unknown,10,0.3,0.2,80,5.35206067,20.44120716,42.96595998,50.31218234,70.51452372,101.2298617,1,1,1,1,1,1,https://zibramax.github.io/FEMViewer/?mesh=https://raw.githubusercontent.com/ZibraMax/non-local-frequencies-nanostructures-2/refs/heads/main/mesh_converg\Beam_10.0_2.0_20_0.3_20250723-155655.json&mode=1&magnif=6
1,2,30000000,30000000,11538461.54,0.3,10.698474,Beam_10.0_2.0_20_20250723-155655,Unknown,10,0.4,0.2,80,6.16463624,23.53752802,49.48032127,57.15996438,81.23540017,116.1847213,1,1,1,1,1,1,https://zibramax.github.io/FEMViewer/?mesh=https://raw.githubusercontent.com/ZibraMax/non-local-frequencies-nanostructures-2/refs/heads/main/mesh_converg\Beam_10.0_2.0_20_0.4_20250723-155655.json&mode=1&magnif=6
1,2,30000000,30000000,11538461.54,0.3,15.816163,Beam_10.0_2.0_25_20250723-155656,Unknown,10,0.5,0.2,100,6.88067021,26.25529918,55.16562394,62.59486306,90.52392605,127.5106591,1,1,1,1,1,1,https://zibramax.github.io/FEMViewer/?mesh=https://raw.githubusercontent.com/ZibraMax/non-local-frequencies-nanostructures-2/refs/heads/main/mesh_converg\Beam_10.0_2.0_25_0.5_20250723-155656.json&mode=1&magnif=6
1,2,30000000,30000000,11538461.54,0.3,10.698474,Beam_10.0_2.0_20_20250723-155655,Unknown,10,0.6,0.2,80,7.53080735,28.74409812,60.43476503,68.78029161,99.25923459,139.7302498,1,1,1,1,1,1,https://zibramax.github.io/FEMViewer/?mesh=https://raw.githubusercontent.com/ZibraMax/non-local-frequencies-nanostructures-2/refs/heads/main/mesh_converg\Beam_10.0_2.0_20_0.6_20250723-155655.json&mode=1&magnif=6
1,2,30000000,30000000,11538461.54,0.3,10.698474,Beam_10.0_2.0_20_20250723-155655,Unknown,10,0.7,0.2,80,8.12814486,31.02087382,65.22498826,73.89553534,107.1394788,150.1224323,1,1,1,1,1,1,https://zibramax.github.io/FEMViewer/?mesh=https://raw.githubusercontent.com/ZibraMax/non-local-frequencies-nanostructures-2/refs/heads/main/mesh_converg\Beam_10.0_2.0_20_0.7_20250723-155655.json&mode=1&magnif=6
1,2,30000000,30000000,11538461.54,0.3,10.698474,Beam_10.0_2.0_20_20250723-155655,Unknown,10,0.8,0.2,80,8.68446192,33.14142982,69.68648104,78.67470866,114.478361,159.8397083,1,1,1,1,1,1,https://zibramax.github.io/FEMViewer/?mesh=https://raw.githubusercontent.com/ZibraMax/non-local-frequencies-nanostructures-2/refs/heads/main/mesh_converg\Beam_10.0_2.0_20_0.8_20250723-155655.json&mode=1&magnif=6
1,2,30000000,30000000,11538461.54,0.3,10.698474,Beam_10.0_2.0_20_20250723-155655,Unknown,10,0.9,0.2,80,9.20720608,35.13411546,73.87889145,83.17704305,121.3741809,168.9987435,1,1,1,1,1,1,https://zibramax.github.io/FEMViewer/?mesh=https://raw.githubusercontent.com/ZibraMax/non-local-frequencies-nanostructures-2/refs/heads/main/mesh_converg\Beam_10.0_2.0_20_0.9_20250723-155655.json&mode=1&magnif=6
1,2,30000000,30000000,11538461.54,0.3,10.698474,Beam_10.0_2.0_20_20250723-155655,Unknown,10,1,0.2,80,9.70181106,37.019616,77.84574627,87.44605629,127.8986582,177.6860038,1,1,1,1,1,1,https://zibramax.github.io/FEMViewer/?mesh=https://raw.githubusercontent.com/ZibraMax/non-local-frequencies-nanostructures-2/refs/heads/main/mesh_converg\Beam_10.0_2.0_20_1.0_20250723-155655.json&mode=1&magnif=6
1,2,30000000,30000000,11538461.54,0.3,15.816163,Beam_10.0_2.0_25_20250723-155656,Unknown,10,0.1,0.2,100,3.14673847,12.03127957,25.26178657,31.49868596,41.3376047,59.12774186,1,1,1,1,1,1,https://zibramax.github.io/FEMViewer/?mesh=https://raw.githubusercontent.com/ZibraMax/non-local-frequencies-nanostructures-2/refs/heads/main/mesh_converg\Beam_10.0_2.0_25_0.1_20250723-155656.json&mode=1&magnif=6
1,2,30000000,30000000,11538461.54,0.3,15.816163,Beam_10.0_2.0_25_20250723-155656,Unknown,10,0.2,0.2,100,4.39033822,16.76969799,35.22105134,41.79062053,57.72308336,82.72907802,1,1,1,1,1,1,https://zibramax.github.io/FEMViewer/?mesh=https://raw.githubusercontent.com/ZibraMax/non-local-frequencies-nanostructures-2/refs/heads/main/mesh_converg\Beam_10.0_2.0_25_0.2_20250723-155656.json&mode=1&magnif=6
1,2,30000000,30000000,11538461.54,0.3,15.816163,Beam_10.0_2.0_25_20250723-155656,Unknown,10,0.3,0.2,100,5.35119515,20.42931089,42.9152776,49.76395526,70.37941312,100.9458052,1,1,1,1,1,1,https://zibramax.github.io/FEMViewer/?mesh=https://raw.githubusercontent.com/ZibraMax/non-local-frequencies-nanostructures-2/refs/heads/main/mesh_converg\Beam_10.0_2.0_25_0.3_20250723-155656.json&mode=1&magnif=6
1,2,30000000,30000000,11538461.54,0.3,15.816163,Beam_10.0_2.0_25_20250723-155656,Unknown,10,0.4,0.2,100,6.16365457,23.52393465,49.42228353,56.55908902,81.08042789,115.299308,1,1,1,1,1,1,https://zibramax.github.io/FEMViewer/?mesh=https://raw.githubusercontent.com/ZibraMax/non-local-frequencies-nanostructures-2/refs/heads/main/mesh_converg\Beam_10.0_2.0_25_0.4_20250723-155656.json&mode=1&magnif=6
1,2,30000000,30000000,11538461.54,0.3,17.366467,Beam_10.0_2.0_30_20250722-122043,Unknown,10,0.5,0.2,120,6.8798859,26.24445163,55.11983392,62.07491381,90.40348865,126.7288467,1,1,1,1,1,1,https://zibramax.github.io/FEMViewer/?mesh=https://raw.githubusercontent.com/ZibraMax/non-local-frequencies-nanostructures-2/refs/heads/main/mesh_converg\Beam_10.0_2.0_30_0.5_20250722-122043.json&mode=1&magnif=6
1,2,30000000,30000000,11538461.54,0.3,15.816163,Beam_10.0_2.0_25_20250723-155656,Unknown,10,0.6,0.2,100,7.52962699,28.72762874,60.36428545,68.08501454,99.07071874,138.6487318,1,1,1,1,1,1,https://zibramax.github.io/FEMViewer/?mesh=https://raw.githubusercontent.com/ZibraMax/non-local-frequencies-nanostructures-2/refs/heads/main/mesh_converg\Beam_10.0_2.0_25_0.6_20250723-155656.json&mode=1&magnif=6
1,2,30000000,30000000,11538461.54,0.3,15.816163,Beam_10.0_2.0_25_20250723-155656,Unknown,10,0.7,0.2,100,8.12687674,31.0031409,65.14904892,73.15734209,106.9362578,148.9552279,1,1,1,1,1,1,https://zibramax.github.io/FEMViewer/?mesh=https://raw.githubusercontent.com/ZibraMax/non-local-frequencies-nanostructures-2/refs/heads/main/mesh_converg\Beam_10.0_2.0_25_0.7_20250723-155656.json&mode=1&magnif=6
1,2,30000000,30000000,11538461.54,0.3,15.816163,Beam_10.0_2.0_25_20250723-155656,Unknown,10,0.8,0.2,100,8.68311172,33.12251773,69.60544917,77.89588096,114.2614298,158.5927157,1,1,1,1,1,1,https://zibramax.github.io/FEMViewer/?mesh=https://raw.githubusercontent.com/ZibraMax/non-local-frequencies-nanostructures-2/refs/heads/main/mesh_converg\Beam_10.0_2.0_25_0.8_20250723-155656.json&mode=1&magnif=6
1,2,30000000,30000000,11538461.54,0.3,15.816163,Beam_10.0_2.0_25_20250723-155656,Unknown,10,0.9,0.2,100,9.20577851,35.11409362,73.79306882,82.35954556,121.1443561,167.6767851,1,1,1,1,1,1,https://zibramax.github.io/FEMViewer/?mesh=https://raw.githubusercontent.com/ZibraMax/non-local-frequencies-nanostructures-2/refs/heads/main/mesh_converg\Beam_10.0_2.0_25_0.9_20250723-155656.json&mode=1&magnif=6
1,2,30000000,30000000,11538461.54,0.3,15.816163,Beam_10.0_2.0_25_20250723-155656,Unknown,10,1,0.2,100,9.70031008,36.99854284,77.75538661,86.59160094,127.6566259,176.2931188,1,1,1,1,1,1,https://zibramax.github.io/FEMViewer/?mesh=https://raw.githubusercontent.com/ZibraMax/non-local-frequencies-nanostructures-2/refs/heads/main/mesh_converg\Beam_10.0_2.0_25_1.0_20250723-155656.json&mode=1&magnif=6
1,2,30000000,30000000,11538461.54,0.3,17.366467,Beam_10.0_2.0_30_20250722-122043,Unknown,10,0,0.2,120,0.52670515,0.70985656,1.23106972,2.133882,3.70578138,5.74021774,1,1,1,1,1,1,https://zibramax.github.io/FEMViewer/?mesh=https://raw.githubusercontent.com/ZibraMax/non-local-frequencies-nanostructures-2/refs/heads/main/mesh_converg\Beam_10.0_2.0_30_0.0_20250722-122043.json&mode=1&magnif=6
1,2,30000000,30000000,11538461.54,0.3,17.366467,Beam_10.0_2.0_30_20250722-122043,Unknown,10,0.1,0.2,120,3.14633821,12.02598236,25.23969955,31.15921651,41.28016298,59.01005572,1,1,1,1,1,1,https://zibramax.github.io/FEMViewer/?mesh=https://raw.githubusercontent.com/ZibraMax/non-local-frequencies-nanostructures-2/refs/heads/main/mesh_converg\Beam_10.0_2.0_30_0.1_20250722-122043.json&mode=1&magnif=6
1,2,30000000,30000000,11538461.54,0.3,23.544416,Beam_10.0_2.0_30_20250723-155656,Unknown,10,0.1,0.2,120,3.14633821,12.02598236,25.23969955,31.15921651,41.28016298,59.01005572,1,1,1,1,1,1,https://zibramax.github.io/FEMViewer/?mesh=https://raw.githubusercontent.com/ZibraMax/non-local-frequencies-nanostructures-2/refs/heads/main/mesh_converg\Beam_10.0_2.0_30_0.1_20250723-155656.json&mode=1&magnif=6
1,2,30000000,30000000,11538461.54,0.3,17.366467,Beam_10.0_2.0_30_20250722-122043,Unknown,10,0.2,0.2,120,4.38981538,16.76258999,35.19120954,41.39920612,57.64497364,82.56808123,1,1,1,1,1,1,https://zibramax.github.io/FEMViewer/?mesh=https://raw.githubusercontent.com/ZibraMax/non-local-frequencies-nanostructures-2/refs/heads/main/mesh_converg\Beam_10.0_2.0_30_0.2_20250722-122043.json&mode=1&magnif=6
1,2,30000000,30000000,11538461.54,0.3,23.544416,Beam_10.0_2.0_30_20250723-155656,Unknown,10,0.2,0.2,120,4.38981538,16.76258999,35.19120954,41.39920612,57.64497364,82.56808123,1,1,1,1,1,1,https://zibramax.github.io/FEMViewer/?mesh=https://raw.githubusercontent.com/ZibraMax/non-local-frequencies-nanostructures-2/refs/heads/main/mesh_converg\Beam_10.0_2.0_30_0.2_20250723-155656.json&mode=1&magnif=6
1,2,30000000,30000000,11538461.54,0.3,17.366467,Beam_10.0_2.0_30_20250722-122043,Unknown,10,0.3,0.2,120,5.35057291,20.42077113,42.8793229,49.32599445,70.28505871,100.7508817,1,1,1,1,1,1,https://zibramax.github.io/FEMViewer/?mesh=https://raw.githubusercontent.com/ZibraMax/non-local-frequencies-nanostructures-2/refs/heads/main/mesh_converg\Beam_10.0_2.0_30_0.3_20250722-122043.json&mode=1&magnif=6
1,2,30000000,30000000,11538461.54,0.3,23.544416,Beam_10.0_2.0_30_20250723-155656,Unknown,10,0.3,0.2,120,5.35057291,20.42077113,42.8793229,49.32599445,70.28505871,100.7508817,1,1,1,1,1,1,https://zibramax.github.io/FEMViewer/?mesh=https://raw.githubusercontent.com/ZibraMax/non-local-frequencies-nanostructures-2/refs/heads/main/mesh_converg\Beam_10.0_2.0_30_0.3_20250723-155656.json&mode=1&magnif=6
1,2,30000000,30000000,11538461.54,0.3,17.366467,Beam_10.0_2.0_30_20250722-122043,Unknown,10,0.4,0.2,120,6.16294666,23.51417221,49.3811159,56.07853138,80.97224253,114.5994692,1,1,1,1,1,1,https://zibramax.github.io/FEMViewer/?mesh=https://raw.githubusercontent.com/ZibraMax/non-local-frequencies-nanostructures-2/refs/heads/main/mesh_converg\Beam_10.0_2.0_30_0.4_20250722-122043.json&mode=1&magnif=6
1,2,30000000,30000000,11538461.54,0.3,23.544416,Beam_10.0_2.0_30_20250723-155656,Unknown,10,0.4,0.2,120,6.16294666,23.51417221,49.3811159,56.07853138,80.97224253,114.5994692,1,1,1,1,1,1,https://zibramax.github.io/FEMViewer/?mesh=https://raw.githubusercontent.com/ZibraMax/non-local-frequencies-nanostructures-2/refs/heads/main/mesh_converg\Beam_10.0_2.0_30_0.4_20250723-155656.json&mode=1&magnif=6
1,2,30000000,30000000,11538461.54,0.3,23.544416,Beam_10.0_2.0_30_20250723-155656,Unknown,10,0.5,0.2,120,6.8798859,26.24445163,55.11983392,62.07491381,90.40348865,126.7288467,1,1,1,1,1,1,https://zibramax.github.io/FEMViewer/?mesh=https://raw.githubusercontent.com/ZibraMax/non-local-frequencies-nanostructures-2/refs/heads/main/mesh_converg\Beam_10.0_2.0_30_0.5_20250723-155656.json&mode=1&magnif=6
1,2,30000000,30000000,11538461.54,0.3,30.753524,Beam_10.0_2.0_35_20250723-155656,Unknown,10,0.5,0.2,140,6.87928528,26.23616283,55.08503554,61.63940635,90.31258886,126.0801649,1,1,1,1,1,1,https://zibramax.github.io/FEMViewer/?mesh=https://raw.githubusercontent.com/ZibraMax/non-local-frequencies-nanostructures-2/refs/heads/main/mesh_converg\Beam_10.0_2.0_35_0.5_20250723-155656.json&mode=1&magnif=6
1,2,30000000,30000000,11538461.54,0.3,17.366467,Beam_10.0_2.0_30_20250722-122043,Unknown,10,0.6,0.2,120,7.52877309,28.71579549,60.31429909,67.52830498,98.93916604,137.792813,1,1,1,1,1,1,https://zibramax.github.io/FEMViewer/?mesh=https://raw.githubusercontent.com/ZibraMax/non-local-frequencies-nanostructures-2/refs/heads/main/mesh_converg\Beam_10.0_2.0_30_0.6_20250722-122043.json&mode=1&magnif=6
1,2,30000000,30000000,11538461.54,0.3,23.544416,Beam_10.0_2.0_30_20250723-155656,Unknown,10,0.6,0.2,120,7.52877309,28.71579549,60.31429909,67.52830498,98.93916604,137.792813,1,1,1,1,1,1,https://zibramax.github.io/FEMViewer/?mesh=https://raw.githubusercontent.com/ZibraMax/non-local-frequencies-nanostructures-2/refs/heads/main/mesh_converg\Beam_10.0_2.0_30_0.6_20250723-155656.json&mode=1&magnif=6
1,2,30000000,30000000,11538461.54,0.3,17.366467,Beam_10.0_2.0_30_20250722-122043,Unknown,10,0.7,0.2,120,8.1259585,30.99039816,65.09519246,72.5660651,106.7944588,148.0311551,1,1,1,1,1,1,https://zibramax.github.io/FEMViewer/?mesh=https://raw.githubusercontent.com/ZibraMax/non-local-frequencies-nanostructures-2/refs/heads/main/mesh_converg\Beam_10.0_2.0_30_0.7_20250722-122043.json&mode=1&magnif=6
1,2,30000000,30000000,11538461.54,0.3,23.544416,Beam_10.0_2.0_30_20250723-155656,Unknown,10,0.7,0.2,120,8.1259585,30.99039816,65.09519246,72.5660651,106.7944588,148.0311551,1,1,1,1,1,1,https://zibramax.github.io/FEMViewer/?mesh=https://raw.githubusercontent.com/ZibraMax/non-local-frequencies-nanostructures-2/refs/heads/main/mesh_converg\Beam_10.0_2.0_30_0.7_20250723-155656.json&mode=1&magnif=6
1,2,30000000,30000000,11538461.54,0.3,17.366467,Beam_10.0_2.0_30_20250722-122043,Unknown,10,0.8,0.2,120,8.68213336,33.10892634,69.54798279,77.27189293,114.1100768,157.6051983,1,1,1,1,1,1,https://zibramax.github.io/FEMViewer/?mesh=https://raw.githubusercontent.com/ZibraMax/non-local-frequencies-nanostructures-2/refs/heads/main/mesh_converg\Beam_10.0_2.0_30_0.8_20250722-122043.json&mode=1&magnif=6
1,2,30000000,30000000,11538461.54,0.3,23.544416,Beam_10.0_2.0_30_20250723-155656,Unknown,10,0.8,0.2,120,8.68213336,33.10892634,69.54798279,77.27189293,114.1100768,157.6051983,1,1,1,1,1,1,https://zibramax.github.io/FEMViewer/?mesh=https://raw.githubusercontent.com/ZibraMax/non-local-frequencies-nanostructures-2/refs/heads/main/mesh_converg\Beam_10.0_2.0_30_0.8_20250723-155656.json&mode=1&magnif=6
1,2,30000000,30000000,11538461.54,0.3,17.366467,Beam_10.0_2.0_30_20250722-122043,Unknown,10,0.9,0.2,120,9.20474351,35.09970362,73.73220635,81.70444082,120.9840176,166.629671,1,1,1,1,1,1,https://zibramax.github.io/FEMViewer/?mesh=https://raw.githubusercontent.com/ZibraMax/non-local-frequencies-nanostructures-2/refs/heads/main/mesh_converg\Beam_10.0_2.0_30_0.9_20250722-122043.json&mode=1&magnif=6
1,2,30000000,30000000,11538461.54,0.3,23.544416,Beam_10.0_2.0_30_20250723-155656,Unknown,10,0.9,0.2,120,9.20474351,35.09970362,73.73220635,81.70444082,120.9840176,166.629671,1,1,1,1,1,1,https://zibramax.github.io/FEMViewer/?mesh=https://raw.githubusercontent.com/ZibraMax/non-local-frequencies-nanostructures-2/refs/heads/main/mesh_converg\Beam_10.0_2.0_30_0.9_20250723-155656.json&mode=1&magnif=6
1,2,30000000,30000000,11538461.54,0.3,17.366467,Beam_10.0_2.0_30_20250722-122043,Unknown,10,1,0.2,120,9.6992214,36.98339633,77.69130785,85.90676624,127.4877795,175.1896292,1,1,1,1,1,1,https://zibramax.github.io/FEMViewer/?mesh=https://raw.githubusercontent.com/ZibraMax/non-local-frequencies-nanostructures-2/refs/heads/main/mesh_converg\Beam_10.0_2.0_30_1.0_20250722-122043.json&mode=1&magnif=6
1,2,30000000,30000000,11538461.54,0.3,23.544416,Beam_10.0_2.0_30_20250723-155656,Unknown,10,1,0.2,120,9.6992214,36.98339633,77.69130785,85.90676624,127.4877795,175.1896292,1,1,1,1,1,1,https://zibramax.github.io/FEMViewer/?mesh=https://raw.githubusercontent.com/ZibraMax/non-local-frequencies-nanostructures-2/refs/heads/main/mesh_converg\Beam_10.0_2.0_30_1.0_20250723-155656.json&mode=1&magnif=6
1,2,30000000,30000000,11538461.54,0.3,30.753524,Beam_10.0_2.0_35_20250723-155656,Unknown,10,0.1,0.2,140,3.14603646,12.02194668,25.22291551,30.87697587,41.23675521,58.92174202,1,1,1,1,1,1,https://zibramax.github.io/FEMViewer/?mesh=https://raw.githubusercontent.com/ZibraMax/non-local-frequencies-nanostructures-2/refs/heads/main/mesh_converg\Beam_10.0_2.0_35_0.1_20250723-155656.json&mode=1&magnif=6
1,2,30000000,30000000,11538461.54,0.3,30.753524,Beam_10.0_2.0_35_20250723-155656,Unknown,10,0.2,0.2,140,4.38941753,16.75716488,35.16853112,41.07239452,57.58599106,82.44741037,1,1,1,1,1,1,https://zibramax.github.io/FEMViewer/?mesh=https://raw.githubusercontent.com/ZibraMax/non-local-frequencies-nanostructures-2/refs/heads/main/mesh_converg\Beam_10.0_2.0_35_0.2_20250723-155656.json&mode=1&magnif=6
1,2,30000000,30000000,11538461.54,0.3,30.753524,Beam_10.0_2.0_35_20250723-155656,Unknown,10,0.3,0.2,140,5.35009778,20.4142491,42.85199883,48.95969997,70.21382873,100.5166982,1,1,1,1,1,1,https://zibramax.github.io/FEMViewer/?mesh=https://raw.githubusercontent.com/ZibraMax/non-local-frequencies-nanostructures-2/refs/heads/main/mesh_converg\Beam_10.0_2.0_35_0.3_20250723-155656.json&mode=1&magnif=6
1,2,30000000,30000000,11538461.54,0.3,30.753524,Beam_10.0_2.0_35_20250723-155656,Unknown,10,0.4,0.2,140,6.16240513,23.50671401,49.34983027,55.67624569,80.89058285,114.0191479,1,1,1,1,1,1,https://zibramax.github.io/FEMViewer/?mesh=https://raw.githubusercontent.com/ZibraMax/non-local-frequencies-nanostructures-2/refs/heads/main/mesh_converg\Beam_10.0_2.0_35_0.4_20250723-155656.json&mode=1&magnif=6
1,2,30000000,30000000,11538461.54,0.3,39.80067,Beam_10.0_2.0_40_20250723-155657,Unknown,10,0.5,0.2,160,6.87880177,26.22949649,55.05712208,61.26776544,90.23990713,125.5310036,1,1,1,1,1,1,https://zibramax.github.io/FEMViewer/?mesh=https://raw.githubusercontent.com/ZibraMax/non-local-frequencies-nanostructures-2/refs/heads/main/mesh_converg\Beam_10.0_2.0_40_0.5_20250723-155657.json&mode=1&magnif=6
1,2,30000000,30000000,11538461.54,0.3,30.753524,Beam_10.0_2.0_35_20250723-155656,Unknown,10,0.6,0.2,140,7.52811867,28.70675233,60.27631177,67.06182718,98.83988283,137.082356,1,1,1,1,1,1,https://zibramax.github.io/FEMViewer/?mesh=https://raw.githubusercontent.com/ZibraMax/non-local-frequencies-nanostructures-2/refs/heads/main/mesh_converg\Beam_10.0_2.0_35_0.6_20250723-155656.json&mode=1&magnif=6
1,2,30000000,30000000,11538461.54,0.3,30.753524,Beam_10.0_2.0_35_20250723-155656,Unknown,10,0.7,0.2,140,8.1252544,30.98065905,65.0542641,72.07048368,106.6874473,147.2639012,1,1,1,1,1,1,https://zibramax.github.io/FEMViewer/?mesh=https://raw.githubusercontent.com/ZibraMax/non-local-frequencies-nanostructures-2/refs/heads/main/mesh_converg\Beam_10.0_2.0_35_0.7_20250723-155656.json&mode=1&magnif=6
1,2,30000000,30000000,11538461.54,0.3,30.753524,Beam_10.0_2.0_35_20250723-155656,Unknown,10,0.8,0.2,140,8.68138285,33.0985379,69.50431113,76.74878332,113.9958587,156.7850839,1,1,1,1,1,1,https://zibramax.github.io/FEMViewer/?mesh=https://raw.githubusercontent.com/ZibraMax/non-local-frequencies-nanostructures-2/refs/heads/main/mesh_converg\Beam_10.0_2.0_35_0.8_20250723-155656.json&mode=1&magnif=6
1,2,30000000,30000000,11538461.54,0.3,30.753524,Beam_10.0_2.0_35_20250723-155656,Unknown,10,0.9,0.2,140,9.2039493,35.08870417,73.68595389,81.15515332,120.8630217,165.7599107,1,1,1,1,1,1,https://zibramax.github.io/FEMViewer/?mesh=https://raw.githubusercontent.com/ZibraMax/non-local-frequencies-nanostructures-2/refs/heads/main/mesh_converg\Beam_10.0_2.0_35_0.9_20250723-155656.json&mode=1&magnif=6
1,2,30000000,30000000,11538461.54,0.3,30.753524,Beam_10.0_2.0_35_20250723-155656,Unknown,10,1,0.2,140,9.69838578,36.97181812,77.64261122,85.33247367,127.3603659,174.2729129,1,1,1,1,1,1,https://zibramax.github.io/FEMViewer/?mesh=https://raw.githubusercontent.com/ZibraMax/non-local-frequencies-nanostructures-2/refs/heads/main/mesh_converg\Beam_10.0_2.0_35_1.0_20250723-155656.json&mode=1&magnif=6
1,2,30000000,30000000,11538461.54,0.3,39.80067,Beam_10.0_2.0_40_20250723-155657,Unknown,10,0.1,0.2,160,3.14579607,12.01870794,25.20945649,30.63761311,41.20202964,58.85131385,1,1,1,1,1,1,https://zibramax.github.io/FEMViewer/?mesh=https://raw.githubusercontent.com/ZibraMax/non-local-frequencies-nanostructures-2/refs/heads/main/mesh_converg\Beam_10.0_2.0_40_0.1_20250723-155657.json&mode=1&magnif=6
1,2,30000000,30000000,11538461.54,0.3,39.80067,Beam_10.0_2.0_40_20250723-155657,Unknown,10,0.2,0.2,160,4.38909861,16.75280535,35.15034174,40.79424881,57.5388201,82.35123408,1,1,1,1,1,1,https://zibramax.github.io/FEMViewer/?mesh=https://raw.githubusercontent.com/ZibraMax/non-local-frequencies-nanostructures-2/refs/heads/main/mesh_converg\Beam_10.0_2.0_40_0.2_20250723-155657.json&mode=1&magnif=6
1,2,30000000,30000000,11538461.54,0.3,39.80067,Beam_10.0_2.0_40_20250723-155657,Unknown,10,0.3,0.2,160,5.34971603,20.40900569,42.83008196,48.64750846,70.15686931,100.091715,1,1,1,1,1,1,https://zibramax.github.io/FEMViewer/?mesh=https://raw.githubusercontent.com/ZibraMax/non-local-frequencies-nanostructures-2/refs/heads/main/mesh_converg\Beam_10.0_2.0_40_0.3_20250723-155657.json&mode=1&magnif=6
1,2,30000000,30000000,11538461.54,0.3,39.80067,Beam_10.0_2.0_40_20250723-155657,Unknown,10,0.4,0.2,160,6.16196952,23.50071654,49.32473501,55.3331177,80.82528703,113.5281016,1,1,1,1,1,1,https://zibramax.github.io/FEMViewer/?mesh=https://raw.githubusercontent.com/ZibraMax/non-local-frequencies-nanostructures-2/refs/heads/main/mesh_converg\Beam_10.0_2.0_40_0.4_20250723-155657.json&mode=1&magnif=6
1,2,30000000,30000000,11538461.54,0.3,49.059085,Beam_10.0_2.0_45_20250723-155657,Unknown,10,0.5,0.2,180,6.87839587,26.22390234,55.03372844,60.94841648,90.17908274,125.0623281,1,1,1,1,1,1,https://zibramax.github.io/FEMViewer/?mesh=https://raw.githubusercontent.com/ZibraMax/non-local-frequencies-nanostructures-2/refs/heads/main/mesh_converg\Beam_10.0_2.0_45_0.5_20250723-155657.json&mode=1&magnif=6
1,2,30000000,30000000,11538461.54,0.3,39.80067,Beam_10.0_2.0_40_20250723-155657,Unknown,10,0.6,0.2,160,7.5275916,28.69947859,60.24583992,66.66362847,98.76049978,136.4806948,1,1,1,1,1,1,https://zibramax.github.io/FEMViewer/?mesh=https://raw.githubusercontent.com/ZibraMax/non-local-frequencies-nanostructures-2/refs/heads/main/mesh_converg\Beam_10.0_2.0_40_0.6_20250723-155657.json&mode=1&magnif=6
1,2,30000000,30000000,11538461.54,0.3,39.80067,Beam_10.0_2.0_40_20250723-155657,Unknown,10,0.7,0.2,160,8.1246871,30.97282498,65.02143279,71.64734156,106.6018864,146.6139823,1,1,1,1,1,1,https://zibramax.github.io/FEMViewer/?mesh=https://raw.githubusercontent.com/ZibraMax/non-local-frequencies-nanostructures-2/refs/heads/main/mesh_converg\Beam_10.0_2.0_40_0.7_20250723-155657.json&mode=1&magnif=6
1,2,30000000,30000000,11538461.54,0.3,39.80067,Beam_10.0_2.0_40_20250723-155657,Unknown,10,0.8,0.2,160,8.680778,33.09018108,69.46927901,76.30205686,113.9045371,156.09026,1,1,1,1,1,1,https://zibramax.github.io/FEMViewer/?mesh=https://raw.githubusercontent.com/ZibraMax/non-local-frequencies-nanostructures-2/refs/heads/main/mesh_converg\Beam_10.0_2.0_40_0.8_20250723-155657.json&mode=1&magnif=6
1,2,30000000,30000000,11538461.54,0.3,39.80067,Beam_10.0_2.0_40_20250723-155657,Unknown,10,0.9,0.2,160,9.20330911,35.07985548,73.64885134,80.68600547,120.7662819,165.0229185,1,1,1,1,1,1,https://zibramax.github.io/FEMViewer/?mesh=https://raw.githubusercontent.com/ZibraMax/non-local-frequencies-nanostructures-2/refs/heads/main/mesh_converg\Beam_10.0_2.0_40_0.9_20250723-155657.json&mode=1&magnif=6
1,2,30000000,30000000,11538461.54,0.3,39.80067,Beam_10.0_2.0_40_20250723-155657,Unknown,10,1,0.2,160,9.69771208,36.96250353,77.60354787,84.8419134,127.2584957,173.4960418,1,1,1,1,1,1,https://zibramax.github.io/FEMViewer/?mesh=https://raw.githubusercontent.com/ZibraMax/non-local-frequencies-nanostructures-2/refs/heads/main/mesh_converg\Beam_10.0_2.0_40_1.0_20250723-155657.json&mode=1&magnif=6
1,2,30000000,30000000,11538461.54,0.3,49.059085,Beam_10.0_2.0_45_20250723-155657,Unknown,10,0.1,0.2,180,3.14559578,12.0159946,25.19818103,30.43300891,41.17296371,58.7924389,1,1,1,1,1,1,https://zibramax.github.io/FEMViewer/?mesh=https://raw.githubusercontent.com/ZibraMax/non-local-frequencies-nanostructures-2/refs/heads/main/mesh_converg\Beam_10.0_2.0_45_0.1_20250723-155657.json&mode=1&magnif=6
1,2,30000000,30000000,11538461.54,0.3,49.059085,Beam_10.0_2.0_45_20250723-155657,Unknown,10,0.2,0.2,180,4.3888317,16.74914936,35.13509982,40.55577914,57.49934161,82.27085887,1,1,1,1,1,1,https://zibramax.github.io/FEMViewer/?mesh=https://raw.githubusercontent.com/ZibraMax/non-local-frequencies-nanostructures-2/refs/heads/main/mesh_converg\Beam_10.0_2.0_45_0.2_20250723-155657.json&mode=1&magnif=6
1,2,30000000,30000000,11538461.54,0.3,49.059085,Beam_10.0_2.0_45_20250723-155657,Unknown,10,0.3,0.2,180,5.349396,20.4046069,42.8117151,48.37952652,70.10920061,99.7294118,1,1,1,1,1,1,https://zibramax.github.io/FEMViewer/?mesh=https://raw.githubusercontent.com/ZibraMax/non-local-frequencies-nanostructures-2/refs/heads/main/mesh_converg\Beam_10.0_2.0_45_0.3_20250723-155657.json&mode=1&magnif=6
1,2,30000000,30000000,11538461.54,0.3,49.059085,Beam_10.0_2.0_45_20250723-155657,Unknown,10,0.4,0.2,180,6.16160403,23.49568425,49.30370375,55.03838908,80.77064288,113.1091982,1,1,1,1,1,1,https://zibramax.github.io/FEMViewer/?mesh=https://raw.githubusercontent.com/ZibraMax/non-local-frequencies-nanostructures-2/refs/heads/main/mesh_converg\Beam_10.0_2.0_45_0.4_20250723-155657.json&mode=1&magnif=6
1,2,30000000,30000000,11538461.54,0.3,109.147796,Beam_10.0_2.0_50_20250722-122044,Unknown,10,0.5,0.2,300,6.87656772,26.19871935,54.92858822,59.54891486,89.90618469,123.044564,1,1,1,1,1,1,https://zibramax.github.io/FEMViewer/?mesh=https://raw.githubusercontent.com/ZibraMax/non-local-frequencies-nanostructures-2/refs/heads/main/mesh_converg\Beam_10.0_2.0_50_0.5_20250722-122044.json&mode=1&magnif=6
1,2,30000000,30000000,11538461.54,0.3,49.059085,Beam_10.0_2.0_45_20250723-155657,Unknown,10,0.6,0.2,180,7.52714899,28.69337427,60.22030176,66.32136384,98.69406792,135.967068,1,1,1,1,1,1,https://zibramax.github.io/FEMViewer/?mesh=https://raw.githubusercontent.com/ZibraMax/non-local-frequencies-nanostructures-2/refs/heads/main/mesh_converg\Beam_10.0_2.0_45_0.6_20250723-155657.json&mode=1&magnif=6
1,2,30000000,30000000,11538461.54,0.3,49.059085,Beam_10.0_2.0_45_20250723-155657,Unknown,10,0.7,0.2,180,8.12421059,30.96625008,64.99391686,71.28356413,106.530285,146.0590446,1,1,1,1,1,1,https://zibramax.github.io/FEMViewer/?mesh=https://raw.githubusercontent.com/ZibraMax/non-local-frequencies-nanostructures-2/refs/heads/main/mesh_converg\Beam_10.0_2.0_45_0.7_20250723-155657.json&mode=1&magnif=6
1,2,30000000,30000000,11538461.54,0.3,49.059085,Beam_10.0_2.0_45_20250723-155657,Unknown,10,0.8,0.2,180,8.68026985,33.08316716,69.43991833,75.91794521,113.8281153,155.4968872,1,1,1,1,1,1,https://zibramax.github.io/FEMViewer/?mesh=https://raw.githubusercontent.com/ZibraMax/non-local-frequencies-nanostructures-2/refs/heads/main/mesh_converg\Beam_10.0_2.0_45_0.8_20250723-155657.json&mode=1&magnif=6
1,2,30000000,30000000,11538461.54,0.3,49.059085,Beam_10.0_2.0_45_20250723-155657,Unknown,10,0.9,0.2,180,9.20277117,35.07242849,73.61775521,80.28256675,120.6853262,164.3934573,1,1,1,1,1,1,https://zibramax.github.io/FEMViewer/?mesh=https://raw.githubusercontent.com/ZibraMax/non-local-frequencies-nanostructures-2/refs/heads/main/mesh_converg\Beam_10.0_2.0_45_0.9_20250723-155657.json&mode=1&magnif=6
1,2,30000000,30000000,11538461.54,0.3,49.059085,Beam_10.0_2.0_45_20250723-155657,Unknown,10,1,0.2,180,9.69714592,36.9546853,77.57080819,84.42002052,127.1732471,172.8324548,1,1,1,1,1,1,https://zibramax.github.io/FEMViewer/?mesh=https://raw.githubusercontent.com/ZibraMax/non-local-frequencies-nanostructures-2/refs/heads/main/mesh_converg\Beam_10.0_2.0_45_1.0_20250723-155657.json&mode=1&magnif=6
1,2,30000000,30000000,11538461.54,0.3,109.147796,Beam_10.0_2.0_50_20250722-122044,Unknown,10,0,0.2,300,0.35047898,0.36711769,0.67048635,1.66339509,3.47100724,5.59030194,1,1,1,1,1,1,https://zibramax.github.io/FEMViewer/?mesh=https://raw.githubusercontent.com/ZibraMax/non-local-frequencies-nanostructures-2/refs/heads/main/mesh_converg\Beam_10.0_2.0_50_0.0_20250722-122044.json&mode=1&magnif=6
1,2,30000000,30000000,11538461.54,0.3,109.147796,Beam_10.0_2.0_50_20250722-122044,Unknown,10,0.1,0.2,300,3.14470391,12.00381691,25.14756393,29.54766976,41.04259198,58.52879397,1,1,1,1,1,1,https://zibramax.github.io/FEMViewer/?mesh=https://raw.githubusercontent.com/ZibraMax/non-local-frequencies-nanostructures-2/refs/heads/main/mesh_converg\Beam_10.0_2.0_50_0.1_20250722-122044.json&mode=1&magnif=6
1,2,30000000,30000000,11538461.54,0.3,121.955886,Beam_10.0_2.0_50_20250723-155658,Unknown,10,0.1,0.2,300,3.14470391,12.00381691,25.14756393,29.54766976,41.04259198,58.52879397,1,1,1,1,1,1,https://zibramax.github.io/FEMViewer/?mesh=https://raw.githubusercontent.com/ZibraMax/non-local-frequencies-nanostructures-2/refs/heads/main/mesh_converg\Beam_10.0_2.0_50_0.1_20250723-155658.json&mode=1&magnif=6
1,2,30000000,30000000,11538461.54,0.3,109.147796,Beam_10.0_2.0_50_20250722-122044,Unknown,10,0.2,0.2,300,4.38763507,16.73271164,35.06662909,39.51644142,57.32223616,81.91097737,1,1,1,1,1,1,https://zibramax.github.io/FEMViewer/?mesh=https://raw.githubusercontent.com/ZibraMax/non-local-frequencies-nanostructures-2/refs/heads/main/mesh_converg\Beam_10.0_2.0_50_0.2_20250722-122044.json&mode=1&magnif=6
1,2,30000000,30000000,11538461.54,0.3,121.955886,Beam_10.0_2.0_50_20250723-155658,Unknown,10,0.2,0.2,300,4.38763507,16.73271164,35.06662909,39.51644142,57.32223616,81.91097737,1,1,1,1,1,1,https://zibramax.github.io/FEMViewer/?mesh=https://raw.githubusercontent.com/ZibraMax/non-local-frequencies-nanostructures-2/refs/heads/main/mesh_converg\Beam_10.0_2.0_50_0.2_20250723-155658.json&mode=1&magnif=6
1,2,30000000,30000000,11538461.54,0.3,109.147796,Beam_10.0_2.0_50_20250722-122044,Unknown,10,0.3,0.2,300,5.34795766,20.38481624,42.72918511,47.20814419,69.89533928,98.17372385,1,1,1,1,1,1,https://zibramax.github.io/FEMViewer/?mesh=https://raw.githubusercontent.com/ZibraMax/non-local-frequencies-nanostructures-2/refs/heads/main/mesh_converg\Beam_10.0_2.0_50_0.3_20250722-122044.json&mode=1&magnif=6
1,2,30000000,30000000,11538461.54,0.3,121.955886,Beam_10.0_2.0_50_20250723-155658,Unknown,10,0.3,0.2,300,5.34795766,20.38481624,42.72918511,47.20814419,69.89533928,98.17372385,1,1,1,1,1,1,https://zibramax.github.io/FEMViewer/?mesh=https://raw.githubusercontent.com/ZibraMax/non-local-frequencies-nanostructures-2/refs/heads/main/mesh_converg\Beam_10.0_2.0_50_0.3_20250723-155658.json&mode=1&magnif=6
1,2,30000000,30000000,11538461.54,0.3,109.147796,Beam_10.0_2.0_50_20250722-122044,Unknown,10,0.4,0.2,300,6.15995917,23.47303543,49.2091888,53.74805779,80.52547854,111.307542,1,1,1,1,1,1,https://zibramax.github.io/FEMViewer/?mesh=https://raw.githubusercontent.com/ZibraMax/non-local-frequencies-nanostructures-2/refs/heads/main/mesh_converg\Beam_10.0_2.0_50_0.4_20250722-122044.json&mode=1&magnif=6
1,2,30000000,30000000,11538461.54,0.3,121.955886,Beam_10.0_2.0_50_20250723-155658,Unknown,10,0.4,0.2,300,6.15995917,23.47303543,49.2091888,53.74805779,80.52547854,111.307542,1,1,1,1,1,1,https://zibramax.github.io/FEMViewer/?mesh=https://raw.githubusercontent.com/ZibraMax/non-local-frequencies-nanostructures-2/refs/heads/main/mesh_converg\Beam_10.0_2.0_50_0.4_20250723-155658.json&mode=1&magnif=6
1,2,30000000,30000000,11538461.54,0.3,121.955886,Beam_10.0_2.0_50_20250723-155658,Unknown,10,0.5,0.2,300,6.87656772,26.19871935,54.92858822,59.54891486,89.90618469,123.044564,1,1,1,1,1,1,https://zibramax.github.io/FEMViewer/?mesh=https://raw.githubusercontent.com/ZibraMax/non-local-frequencies-nanostructures-2/refs/heads/main/mesh_converg\Beam_10.0_2.0_50_0.5_20250723-155658.json&mode=1&magnif=6
1,2,30000000,30000000,11538461.54,0.3,171.859494,Beam_10.0_2.0_60_20250723-155658,Unknown,10,0.5,0.2,360,6.87589002,26.18936984,54.88942292,59.08023954,89.80389646,122.3809885,1,1,1,1,1,1,https://zibramax.github.io/FEMViewer/?mesh=https://raw.githubusercontent.com/ZibraMax/non-local-frequencies-nanostructures-2/refs/heads/main/mesh_converg\Beam_10.0_2.0_60_0.5_20250723-155658.json&mode=1&magnif=6
1,2,30000000,30000000,11538461.54,0.3,109.147796,Beam_10.0_2.0_50_20250722-122044,Unknown,10,0.6,0.2,300,7.52515432,28.66589066,60.10551677,64.8204234,98.39600686,133.7542488,1,1,1,1,1,1,https://zibramax.github.io/FEMViewer/?mesh=https://raw.githubusercontent.com/ZibraMax/non-local-frequencies-nanostructures-2/refs/heads/main/mesh_converg\Beam_10.0_2.0_50_0.6_20250722-122044.json&mode=1&magnif=6
1,2,30000000,30000000,11538461.54,0.3,121.955886,Beam_10.0_2.0_50_20250723-155658,Unknown,10,0.6,0.2,300,7.52515432,28.66589066,60.10551677,64.8204234,98.39600686,133.7542488,1,1,1,1,1,1,https://zibramax.github.io/FEMViewer/?mesh=https://raw.githubusercontent.com/ZibraMax/non-local-frequencies-nanostructures-2/refs/heads/main/mesh_converg\Beam_10.0_2.0_50_0.6_20250723-155658.json&mode=1&magnif=6
1,2,30000000,30000000,11538461.54,0.3,109.147796,Beam_10.0_2.0_50_20250722-122044,Unknown,10,0.7,0.2,300,8.1220623,30.93664459,64.87023758,69.68749882,106.2090267,143.6670495,1,1,1,1,1,1,https://zibramax.github.io/FEMViewer/?mesh=https://raw.githubusercontent.com/ZibraMax/non-local-frequencies-nanostructures-2/refs/heads/main/mesh_converg\Beam_10.0_2.0_50_0.7_20250722-122044.json&mode=1&magnif=6
1,2,30000000,30000000,11538461.54,0.3,121.955886,Beam_10.0_2.0_50_20250723-155658,Unknown,10,0.7,0.2,300,8.1220623,30.93664459,64.87023758,69.68749882,106.2090267,143.6670495,1,1,1,1,1,1,https://zibramax.github.io/FEMViewer/?mesh=https://raw.githubusercontent.com/ZibraMax/non-local-frequencies-nanostructures-2/refs/heads/main/mesh_converg\Beam_10.0_2.0_50_0.7_20250723-155658.json&mode=1&magnif=6
1,2,30000000,30000000,11538461.54,0.3,109.147796,Beam_10.0_2.0_50_20250722-122044,Unknown,10,0.8,0.2,300,8.67797823,33.05158232,69.30794319,74.23203443,113.485226,152.9382485,1,1,1,1,1,1,https://zibramax.github.io/FEMViewer/?mesh=https://raw.githubusercontent.com/ZibraMax/non-local-frequencies-nanostructures-2/refs/heads/main/mesh_converg\Beam_10.0_2.0_50_0.8_20250722-122044.json&mode=1&magnif=6
1,2,30000000,30000000,11538461.54,0.3,121.955886,Beam_10.0_2.0_50_20250723-155658,Unknown,10,0.8,0.2,300,8.67797823,33.05158232,69.30794319,74.23203443,113.485226,152.9382485,1,1,1,1,1,1,https://zibramax.github.io/FEMViewer/?mesh=https://raw.githubusercontent.com/ZibraMax/non-local-frequencies-nanostructures-2/refs/heads/main/mesh_converg\Beam_10.0_2.0_50_0.8_20250723-155658.json&mode=1&magnif=6
1,2,30000000,30000000,11538461.54,0.3,109.147796,Beam_10.0_2.0_50_20250722-122044,Unknown,10,0.9,0.2,300,9.20034467,35.03898144,73.47797596,78.51130753,120.3220921,161.6783939,1,1,1,1,1,1,https://zibramax.github.io/FEMViewer/?mesh=https://raw.githubusercontent.com/ZibraMax/non-local-frequencies-nanostructures-2/refs/heads/main/mesh_converg\Beam_10.0_2.0_50_0.9_20250722-122044.json&mode=1&magnif=6
1,2,30000000,30000000,11538461.54,0.3,121.955886,Beam_10.0_2.0_50_20250723-155658,Unknown,10,0.9,0.2,300,9.20034467,35.03898144,73.47797596,78.51130753,120.3220921,161.6783939,1,1,1,1,1,1,https://zibramax.github.io/FEMViewer/?mesh=https://raw.githubusercontent.com/ZibraMax/non-local-frequencies-nanostructures-2/refs/heads/main/mesh_converg\Beam_10.0_2.0_50_0.9_20250723-155658.json&mode=1&magnif=6
1,2,30000000,30000000,11538461.54,0.3,109.147796,Beam_10.0_2.0_50_20250722-122044,Unknown,10,1,0.2,300,9.69459166,36.91947453,77.42363823,82.56730184,126.7907491,169.9695075,1,1,1,1,1,1,https://zibramax.github.io/FEMViewer/?mesh=https://raw.githubusercontent.com/ZibraMax/non-local-frequencies-nanostructures-2/refs/heads/main/mesh_converg\Beam_10.0_2.0_50_1.0_20250722-122044.json&mode=1&magnif=6
1,2,30000000,30000000,11538461.54,0.3,121.955886,Beam_10.0_2.0_50_20250723-155658,Unknown,10,1,0.2,300,9.69459166,36.91947453,77.42363823,82.56730184,126.7907491,169.9695075,1,1,1,1,1,1,https://zibramax.github.io/FEMViewer/?mesh=https://raw.githubusercontent.com/ZibraMax/non-local-frequencies-nanostructures-2/refs/heads/main/mesh_converg\Beam_10.0_2.0_50_1.0_20250723-155658.json&mode=1&magnif=6
1,2,30000000,30000000,11538461.54,0.3,0.583108,Beam_10.0_2.0_5_20250723-155655,Unknown,10,0.1,0.2,20,3.16567686,12.28878006,26.54629718,36.17052494,45.34990478,64.72201437,1,1,1,1,1,1,https://zibramax.github.io/FEMViewer/?mesh=https://raw.githubusercontent.com/ZibraMax/non-local-frequencies-nanostructures-2/refs/heads/main/mesh_converg\Beam_10.0_2.0_5_0.1_20250723-155655.json&mode=1&magnif=6
1,2,30000000,30000000,11538461.54,0.3,0.583108,Beam_10.0_2.0_5_20250723-155655,Unknown,10,0.2,0.2,20,4.41367771,17.11982726,37.00472412,46.98515475,63.32998453,90.42854836,1,1,1,1,1,1,https://zibramax.github.io/FEMViewer/?mesh=https://raw.githubusercontent.com/ZibraMax/non-local-frequencies-nanostructures-2/refs/heads/main/mesh_converg\Beam_10.0_2.0_5_0.2_20250723-155655.json&mode=1&magnif=6
1,2,30000000,30000000,11538461.54,0.3,0.583108,Beam_10.0_2.0_5_20250723-155655,Unknown,10,0.3,0.2,20,5.37838195,20.8525253,45.08661879,55.49435935,77.21890051,110.2365287,1,1,1,1,1,1,https://zibramax.github.io/FEMViewer/?mesh=https://raw.githubusercontent.com/ZibraMax/non-local-frequencies-nanostructures-2/refs/heads/main/mesh_converg\Beam_10.0_2.0_5_0.3_20250723-155655.json&mode=1&magnif=6
1,2,30000000,30000000,11538461.54,0.3,0.583108,Beam_10.0_2.0_5_20250723-155655,Unknown,10,0.4,0.2,20,6.1942441,24.00941251,51.92194816,62.79933053,88.96202403,125.1481485,1,1,1,1,1,1,https://zibramax.github.io/FEMViewer/?mesh=https://raw.githubusercontent.com/ZibraMax/non-local-frequencies-nanostructures-2/refs/heads/main/mesh_converg\Beam_10.0_2.0_5_0.4_20250723-155655.json&mode=1&magnif=6
1,2,30000000,30000000,11538461.54,0.3,519.622389,Beam_10.0_2.0_80_20250722-122044,Unknown,10,0.5,0.2,640,6.87386938,26.16148925,54.77250863,57.63848921,89.49776857,120.3788537,1,1,1,1,1,1,https://zibramax.github.io/FEMViewer/?mesh=https://raw.githubusercontent.com/ZibraMax/non-local-frequencies-nanostructures-2/refs/heads/main/mesh_converg\Beam_10.0_2.0_80_0.5_20250722-122044.json&mode=1&magnif=6
1,2,30000000,30000000,11538461.54,0.3,0.583108,Beam_10.0_2.0_5_20250723-155655,Unknown,10,0.6,0.2,20,7.56611247,29.31830592,63.41646948,75.25678002,108.7040155,150.5905035,1,1,1,1,1,1,https://zibramax.github.io/FEMViewer/?mesh=https://raw.githubusercontent.com/ZibraMax/non-local-frequencies-nanostructures-2/refs/heads/main/mesh_converg\Beam_10.0_2.0_5_0.6_20250723-155655.json&mode=1&magnif=6
1,2,30000000,30000000,11538461.54,0.3,0.583108,Beam_10.0_2.0_5_20250723-155655,Unknown,10,0.7,0.2,20,8.16598458,31.63994192,68.44292702,80.75652759,117.3353181,161.8154122,1,1,1,1,1,1,https://zibramax.github.io/FEMViewer/?mesh=https://raw.githubusercontent.com/ZibraMax/non-local-frequencies-nanostructures-2/refs/heads/main/mesh_converg\Beam_10.0_2.0_5_0.7_20250723-155655.json&mode=1&magnif=6
1,2,30000000,30000000,11538461.54,0.3,0.583108,Beam_10.0_2.0_5_20250723-155655,Unknown,10,0.8,0.2,20,8.72467881,33.80232268,73.1244623,85.90115069,125.3736003,172.3096572,1,1,1,1,1,1,https://zibramax.github.io/FEMViewer/?mesh=https://raw.githubusercontent.com/ZibraMax/non-local-frequencies-nanostructures-2/refs/heads/main/mesh_converg\Beam_10.0_2.0_5_0.8_20250723-155655.json&mode=1&magnif=6
1,2,30000000,30000000,11538461.54,0.3,0.583108,Beam_10.0_2.0_5_20250723-155655,Unknown,10,0.9,0.2,20,9.24966856,35.83434081,77.52365626,90.75221815,132.92655,182.1998388,1,1,1,1,1,1,https://zibramax.github.io/FEMViewer/?mesh=https://raw.githubusercontent.com/ZibraMax/non-local-frequencies-nanostructures-2/refs/heads/main/mesh_converg\Beam_10.0_2.0_5_0.9_20250723-155655.json&mode=1&magnif=6
1,2,30000000,30000000,11538461.54,0.3,0.583108,Beam_10.0_2.0_5_20250723-155655,Unknown,10,1,0.2,20,9.74640703,37.75708,81.68617756,95.35521136,140.0727346,191.579708,1,1,1,1,1,1,https://zibramax.github.io/FEMViewer/?mesh=https://raw.githubusercontent.com/ZibraMax/non-local-frequencies-nanostructures-2/refs/heads/main/mesh_converg\Beam_10.0_2.0_5_1.0_20250723-155655.json&mode=1&magnif=6
1,2,30000000,30000000,11538461.54,0.3,171.859494,Beam_10.0_2.0_60_20250723-155658,Unknown,10,0.1,0.2,360,3.14437578,11.99930366,25.12871966,29.25524078,40.99373069,58.42913723,1,1,1,1,1,1,https://zibramax.github.io/FEMViewer/?mesh=https://raw.githubusercontent.com/ZibraMax/non-local-frequencies-nanostructures-2/refs/heads/main/mesh_converg\Beam_10.0_2.0_60_0.1_20250723-155658.json&mode=1&magnif=6
1,2,30000000,30000000,11538461.54,0.3,171.859494,Beam_10.0_2.0_60_20250723-155658,Unknown,10,0.2,0.2,360,4.38719278,16.72661288,35.04112873,39.17045375,57.25585557,81.77494778,1,1,1,1,1,1,https://zibramax.github.io/FEMViewer/?mesh=https://raw.githubusercontent.com/ZibraMax/non-local-frequencies-nanostructures-2/refs/heads/main/mesh_converg\Beam_10.0_2.0_60_0.2_20250723-155658.json&mode=1&magnif=6
1,2,30000000,30000000,11538461.54,0.3,171.859494,Beam_10.0_2.0_60_20250723-155658,Unknown,10,0.3,0.2,360,5.34742518,20.37747081,42.69844508,46.81695848,69.81518065,97.66352976,1,1,1,1,1,1,https://zibramax.github.io/FEMViewer/?mesh=https://raw.githubusercontent.com/ZibraMax/non-local-frequencies-nanostructures-2/refs/heads/main/mesh_converg\Beam_10.0_2.0_60_0.3_20250723-155658.json&mode=1&magnif=6
1,2,30000000,30000000,11538461.54,0.3,171.859494,Beam_10.0_2.0_60_20250723-155658,Unknown,10,0.4,0.2,360,6.15934973,23.46462766,49.17398269,53.31640721,80.4335861,110.7156688,1,1,1,1,1,1,https://zibramax.github.io/FEMViewer/?mesh=https://raw.githubusercontent.com/ZibraMax/non-local-frequencies-nanostructures-2/refs/heads/main/mesh_converg\Beam_10.0_2.0_60_0.4_20250723-155658.json&mode=1&magnif=6
1,2,30000000,30000000,11538461.54,0.3,521.001811,Beam_10.0_2.0_80_20250723-155659,Unknown,10,0.5,0.2,640,6.87386938,26.16148925,54.77250863,57.63848921,89.49776857,120.3788537,1,1,1,1,1,1,https://zibramax.github.io/FEMViewer/?mesh=https://raw.githubusercontent.com/ZibraMax/non-local-frequencies-nanostructures-2/refs/heads/main/mesh_converg\Beam_10.0_2.0_80_0.5_20250723-155659.json&mode=1&magnif=6
1,2,30000000,30000000,11538461.54,0.3,171.859494,Beam_10.0_2.0_60_20250723-155658,Unknown,10,0.6,0.2,360,7.52441466,28.65568629,60.06275777,64.31740681,98.28428651,133.0259962,1,1,1,1,1,1,https://zibramax.github.io/FEMViewer/?mesh=https://raw.githubusercontent.com/ZibraMax/non-local-frequencies-nanostructures-2/refs/heads/main/mesh_converg\Beam_10.0_2.0_60_0.6_20250723-155658.json&mode=1&magnif=6
1,2,30000000,30000000,11538461.54,0.3,171.859494,Beam_10.0_2.0_60_20250723-155658,Unknown,10,0.7,0.2,360,8.12126548,30.92565184,64.82416458,69.15231563,106.0886111,142.8794127,1,1,1,1,1,1,https://zibramax.github.io/FEMViewer/?mesh=https://raw.githubusercontent.com/ZibraMax/non-local-frequencies-nanostructures-2/refs/heads/main/mesh_converg\Beam_10.0_2.0_60_0.7_20250723-155658.json&mode=1&magnif=6
1,2,30000000,30000000,11538461.54,0.3,171.859494,Beam_10.0_2.0_60_20250723-155658,Unknown,10,0.8,0.2,360,8.67712809,33.03985418,69.25877923,73.66649423,113.3567022,152.0954011,1,1,1,1,1,1,https://zibramax.github.io/FEMViewer/?mesh=https://raw.githubusercontent.com/ZibraMax/non-local-frequencies-nanostructures-2/refs/heads/main/mesh_converg\Beam_10.0_2.0_60_0.8_20250723-155658.json&mode=1&magnif=6
1,2,30000000,30000000,11538461.54,0.3,171.859494,Beam_10.0_2.0_60_20250723-155658,Unknown,10,0.9,0.2,360,9.19944437,35.02656146,73.42590427,77.91694673,120.1859424,160.7837366,1,1,1,1,1,1,https://zibramax.github.io/FEMViewer/?mesh=https://raw.githubusercontent.com/ZibraMax/non-local-frequencies-nanostructures-2/refs/heads/main/mesh_converg\Beam_10.0_2.0_60_0.9_20250723-155658.json&mode=1&magnif=6
1,2,30000000,30000000,11538461.54,0.3,171.859494,Beam_10.0_2.0_60_20250723-155658,Unknown,10,1,0.2,360,9.69364385,36.90639932,77.3688129,81.94544597,126.6473786,169.0258806,1,1,1,1,1,1,https://zibramax.github.io/FEMViewer/?mesh=https://raw.githubusercontent.com/ZibraMax/non-local-frequencies-nanostructures-2/refs/heads/main/mesh_converg\Beam_10.0_2.0_60_1.0_20250723-155658.json&mode=1&magnif=6
1,2,30000000,30000000,11538461.54,0.3,519.622389,Beam_10.0_2.0_80_20250722-122044,Unknown,10,0.1,0.2,640,3.14340249,11.98586207,25.07248808,28.367706,40.84749044,58.12986445,1,1,1,1,1,1,https://zibramax.github.io/FEMViewer/?mesh=https://raw.githubusercontent.com/ZibraMax/non-local-frequencies-nanostructures-2/refs/heads/main/mesh_converg\Beam_10.0_2.0_80_0.1_20250722-122044.json&mode=1&magnif=6
1,2,30000000,30000000,11538461.54,0.3,521.001811,Beam_10.0_2.0_80_20250723-155659,Unknown,10,0.1,0.2,640,3.14340249,11.98586207,25.07248808,28.367706,40.84749044,58.12986445,1,1,1,1,1,1,https://zibramax.github.io/FEMViewer/?mesh=https://raw.githubusercontent.com/ZibraMax/non-local-frequencies-nanostructures-2/refs/heads/main/mesh_converg\Beam_10.0_2.0_80_0.1_20250723-155659.json&mode=1&magnif=6
1,2,30000000,30000000,11538461.54,0.3,519.622389,Beam_10.0_2.0_80_20250722-122044,Unknown,10,0.2,0.2,640,4.38587678,16.70843537,34.96501783,38.11237849,57.0571882,81.32656522,1,1,1,1,1,1,https://zibramax.github.io/FEMViewer/?mesh=https://raw.githubusercontent.com/ZibraMax/non-local-frequencies-nanostructures-2/refs/heads/main/mesh_converg\Beam_10.0_2.0_80_0.2_20250722-122044.json&mode=1&magnif=6
1,2,30000000,30000000,11538461.54,0.3,521.001811,Beam_10.0_2.0_80_20250723-155659,Unknown,10,0.2,0.2,640,4.38587678,16.70843537,34.96501783,38.11237849,57.0571882,81.32656522,1,1,1,1,1,1,https://zibramax.github.io/FEMViewer/?mesh=https://raw.githubusercontent.com/ZibraMax/non-local-frequencies-nanostructures-2/refs/heads/main/mesh_converg\Beam_10.0_2.0_80_0.2_20250723-155659.json&mode=1&magnif=6
1,2,30000000,30000000,11538461.54,0.3,519.622389,Beam_10.0_2.0_80_20250722-122044,Unknown,10,0.3,0.2,640,5.34583899,20.35557149,42.60668776,45.61691492,69.57528028,96.1284012,1,1,1,1,1,1,https://zibramax.github.io/FEMViewer/?mesh=https://raw.githubusercontent.com/ZibraMax/non-local-frequencies-nanostructures-2/refs/heads/main/mesh_converg\Beam_10.0_2.0_80_0.3_20250722-122044.json&mode=1&magnif=6
1,2,30000000,30000000,11538461.54,0.3,521.001811,Beam_10.0_2.0_80_20250723-155659,Unknown,10,0.3,0.2,640,5.34583899,20.35557149,42.60668776,45.61691492,69.57528028,96.1284012,1,1,1,1,1,1,https://zibramax.github.io/FEMViewer/?mesh=https://raw.githubusercontent.com/ZibraMax/non-local-frequencies-nanostructures-2/refs/heads/main/mesh_converg\Beam_10.0_2.0_80_0.3_20250723-155659.json&mode=1&magnif=6
1,2,30000000,30000000,11538461.54,0.3,519.622389,Beam_10.0_2.0_80_20250722-122044,Unknown,10,0.4,0.2,640,6.15753323,23.43955758,49.06888986,51.98997301,80.15856993,108.9317583,1,1,1,1,1,1,https://zibramax.github.io/FEMViewer/?mesh=https://raw.githubusercontent.com/ZibraMax/non-local-frequencies-nanostructures-2/refs/heads/main/mesh_converg\Beam_10.0_2.0_80_0.4_20250722-122044.json&mode=1&magnif=6
1,2,30000000,30000000,11538461.54,0.3,521.001811,Beam_10.0_2.0_80_20250723-155659,Unknown,10,0.4,0.2,640,6.15753323,23.43955758,49.06888986,51.98997301,80.15856993,108.9317583,1,1,1,1,1,1,https://zibramax.github.io/FEMViewer/?mesh=https://raw.githubusercontent.com/ZibraMax/non-local-frequencies-nanostructures-2/refs/heads/main/mesh_converg\Beam_10.0_2.0_80_0.4_20250723-155659.json&mode=1&magnif=6
1,2,30000000,30000000,11538461.54,0.3,1254.610245,Beam_10.0_2.0_100_20250722-122044,Unknown,10,0.5,0.2,1000,6.8723134,26.14000622,54.68217518,56.58529074,89.25998137,118.9526469,1,1,1,1,1,1,https://zibramax.github.io/FEMViewer/?mesh=https://raw.githubusercontent.com/ZibraMax/non-local-frequencies-nanostructures-2/refs/heads/main/mesh_converg\Beam_10.0_2.0_100_0.5_20250722-122044.json&mode=1&magnif=6
1,2,30000000,30000000,11538461.54,0.3,7299.872931,Beam_10.0_2.0_150_20250722-144617,Unknown,10,0.5,0.2,2400,6.86927895,26.09808562,54.50530223,54.66465989,88.7914202,116.4291943,1,1,1,1,1,1,https://zibramax.github.io/FEMViewer/?mesh=https://raw.githubusercontent.com/ZibraMax/non-local-frequencies-nanostructures-2/refs/heads/main/mesh_converg\Beam_10.0_2.0_150_0.5_20250722-144617.json&mode=1&magnif=6
1,2,30000000,30000000,11538461.54,0.3,519.622389,Beam_10.0_2.0_80_20250722-122044,Unknown,10,0.6,0.2,640,7.52220872,28.62525467,59.93511349,62.76887839,97.94993074,130.8271318,1,1,1,1,1,1,https://zibramax.github.io/FEMViewer/?mesh=https://raw.githubusercontent.com/ZibraMax/non-local-frequencies-nanostructures-2/refs/heads/main/mesh_converg\Beam_10.0_2.0_80_0.6_20250722-122044.json&mode=1&magnif=6
1,2,30000000,30000000,11538461.54,0.3,521.001811,Beam_10.0_2.0_80_20250723-155659,Unknown,10,0.6,0.2,640,7.52220872,28.62525467,59.93511349,62.76887839,97.94993074,130.8271318,1,1,1,1,1,1,https://zibramax.github.io/FEMViewer/?mesh=https://raw.githubusercontent.com/ZibraMax/non-local-frequencies-nanostructures-2/refs/heads/main/mesh_converg\Beam_10.0_2.0_80_0.6_20250723-155659.json&mode=1&magnif=6
1,2,30000000,30000000,11538461.54,0.3,519.622389,Beam_10.0_2.0_80_20250722-122044,Unknown,10,0.7,0.2,640,8.11888867,30.89286768,64.68662562,67.50388104,105.7282326,140.4999981,1,1,1,1,1,1,https://zibramax.github.io/FEMViewer/?mesh=https://raw.githubusercontent.com/ZibraMax/non-local-frequencies-nanostructures-2/refs/heads/main/mesh_converg\Beam_10.0_2.0_80_0.7_20250722-122044.json&mode=1&magnif=6
1,2,30000000,30000000,11538461.54,0.3,521.001811,Beam_10.0_2.0_80_20250723-155659,Unknown,10,0.7,0.2,640,8.11888867,30.89286768,64.68662562,67.50388104,105.7282326,140.4999981,1,1,1,1,1,1,https://zibramax.github.io/FEMViewer/?mesh=https://raw.githubusercontent.com/ZibraMax/non-local-frequencies-nanostructures-2/refs/heads/main/mesh_converg\Beam_10.0_2.0_80_0.7_20250723-155659.json&mode=1&magnif=6
1,2,30000000,30000000,11538461.54,0.3,519.622389,Beam_10.0_2.0_80_20250722-122044,Unknown,10,0.8,0.2,640,8.67459189,33.00487572,69.11201159,71.92384653,112.9720581,149.5481833,1,1,1,1,1,1,https://zibramax.github.io/FEMViewer/?mesh=https://raw.githubusercontent.com/ZibraMax/non-local-frequencies-nanostructures-2/refs/heads/main/mesh_converg\Beam_10.0_2.0_80_0.8_20250722-122044.json&mode=1&magnif=6
1,2,30000000,30000000,11538461.54,0.3,521.001811,Beam_10.0_2.0_80_20250723-155659,Unknown,10,0.8,0.2,640,8.67459189,33.00487572,69.11201159,71.92384653,112.9720581,149.5481833,1,1,1,1,1,1,https://zibramax.github.io/FEMViewer/?mesh=https://raw.githubusercontent.com/ZibraMax/non-local-frequencies-nanostructures-2/refs/heads/main/mesh_converg\Beam_10.0_2.0_80_0.8_20250723-155659.json&mode=1&magnif=6
1,2,30000000,30000000,11538461.54,0.3,519.622389,Beam_10.0_2.0_80_20250722-122044,Unknown,10,0.9,0.2,640,9.19675825,34.98951868,73.27045518,76.08490489,119.7784757,158.0790949,1,1,1,1,1,1,https://zibramax.github.io/FEMViewer/?mesh=https://raw.githubusercontent.com/ZibraMax/non-local-frequencies-nanostructures-2/refs/heads/main/mesh_converg\Beam_10.0_2.0_80_0.9_20250722-122044.json&mode=1&magnif=6
1,2,30000000,30000000,11538461.54,0.3,521.001811,Beam_10.0_2.0_80_20250723-155659,Unknown,10,0.9,0.2,640,9.19675825,34.98951868,73.27045518,76.08490489,119.7784757,158.0790949,1,1,1,1,1,1,https://zibramax.github.io/FEMViewer/?mesh=https://raw.githubusercontent.com/ZibraMax/non-local-frequencies-nanostructures-2/refs/heads/main/mesh_converg\Beam_10.0_2.0_80_0.9_20250723-155659.json&mode=1&magnif=6
1,2,30000000,30000000,11538461.54,0.3,519.622389,Beam_10.0_2.0_80_20250722-122044,Unknown,10,1,0.2,640,9.69081575,36.86740151,77.20514237,80.02815847,126.2183016,166.1724789,1,1,1,1,1,1,https://zibramax.github.io/FEMViewer/?mesh=https://raw.githubusercontent.com/ZibraMax/non-local-frequencies-nanostructures-2/refs/heads/main/mesh_converg\Beam_10.0_2.0_80_1.0_20250722-122044.json&mode=1&magnif=6
1,2,30000000,30000000,11538461.54,0.3,521.001811,Beam_10.0_2.0_80_20250723-155659,Unknown,10,1,0.2,640,9.69081575,36.86740151,77.20514237,80.02815847,126.2183016,166.1724789,1,1,1,1,1,1,https://zibramax.github.io/FEMViewer/?mesh=https://raw.githubusercontent.com/ZibraMax/non-local-frequencies-nanostructures-2/refs/heads/main/mesh_converg\Beam_10.0_2.0_80_1.0_20250723-155659.json&mode=1&magnif=6
